Gender,Married,Dependents,Education,Self_Employed,ApplicantIncome,CoapplicantIncome,LoanAmount,Loan_Amount_Term,Credit_History,Property_Area,TotalIncome
0,1,0,1,0,5720.0,0.0,110000.0,360.0,1,2,5720.0
0,1,1,1,0,3076.0,1500.0,126000.0,360.0,1,2,4576.0
0,1,2,1,0,5000.0,1800.0,208000.0,360.0,1,2,6800.0
0,1,2,1,0,2340.0,2546.0,100000.0,360.0,0,2,4886.0
0,0,0,0,0,3276.0,0.0,78000.0,360.0,1,2,3276.0
0,1,0,0,1,2165.0,3422.0,152000.0,360.0,1,2,5587.0
1,0,1,0,0,2226.0,0.0,59000.0,360.0,1,1,2226.0
0,1,2,0,0,3881.0,0.0,147000.0,360.0,0,0,3881.0
0,1,2,1,0,13633.0,0.0,280000.0,240.0,1,2,13633.0
0,0,0,0,0,2400.0,2400.0,123000.0,360.0,1,1,4800.0
0,0,0,0,0,3091.0,0.0,90000.0,360.0,1,2,3091.0
0,1,1,1,0,2185.0,1516.0,162000.0,360.0,1,1,3701.0
0,0,3,1,0,4166.0,0.0,40000.0,180.0,0,2,4166.0
0,1,2,1,0,12173.0,0.0,166000.0,360.0,0,1,12173.0
1,0,0,1,0,4666.0,0.0,124000.0,360.0,1,1,4666.0
0,0,1,1,0,5667.0,0.0,131000.0,360.0,1,2,5667.0
0,1,2,1,0,4583.0,2916.0,200000.0,360.0,1,2,7499.0
0,1,3,1,0,3786.0,333.0,126000.0,360.0,1,1,4119.0
0,1,0,1,0,9226.0,7916.0,300000.0,360.0,1,2,17142.0
0,0,0,1,0,1300.0,3470.0,100000.0,180.0,1,1,4770.0
0,1,1,0,0,1888.0,1620.0,48000.0,360.0,1,2,3508.0
1,0,3,0,0,2083.0,0.0,28000.0,180.0,1,2,2083.0
1,0,0,0,0,3765.0,0.0,125000.0,360.0,1,2,3765.0
0,1,0,1,0,5400.0,4380.0,290000.0,360.0,1,2,9780.0
0,0,0,1,0,0.0,24000.0,148000.0,360.0,0,0,24000.0
0,1,2,1,0,4363.0,1250.0,140000.0,360.0,0,2,5613.0
0,1,0,1,0,7500.0,3750.0,275000.0,360.0,1,2,11250.0
0,1,0,1,0,3772.0,833.0,57000.0,360.0,0,1,4605.0
0,0,0,1,0,2942.0,2382.0,125000.0,180.0,1,2,5324.0
1,0,0,0,0,2478.0,0.0,75000.0,360.0,1,1,2478.0
0,1,2,1,0,6250.0,820.0,192000.0,360.0,1,2,7070.0
0,0,0,1,0,3268.0,1683.0,152000.0,360.0,1,1,4951.0
0,1,0,1,0,2783.0,2708.0,158000.0,360.0,1,2,5491.0
0,1,0,1,0,2740.0,1541.0,101000.0,360.0,1,2,4281.0
0,0,0,1,0,3150.0,0.0,176000.0,360.0,0,1,3150.0
0,1,2,1,0,7350.0,4029.0,185000.0,180.0,1,2,11379.0
0,1,0,1,1,2267.0,2792.0,90000.0,360.0,1,2,5059.0
0,0,0,1,1,5833.0,0.0,116000.0,360.0,1,2,5833.0
0,0,0,1,0,3643.0,1963.0,138000.0,360.0,1,2,5606.0
0,1,0,1,0,5629.0,818.0,100000.0,360.0,1,2,6447.0
1,0,0,1,0,3644.0,0.0,110000.0,360.0,1,2,3644.0
0,1,0,0,0,1750.0,2024.0,90000.0,360.0,1,1,3774.0
0,0,0,1,0,6500.0,2600.0,200000.0,360.0,1,1,9100.0
1,0,0,1,0,3666.0,0.0,84000.0,360.0,1,2,3666.0
0,1,0,0,0,4163.0,1475.0,162000.0,360.0,1,2,5638.0
0,0,0,0,0,2356.0,1902.0,108000.0,360.0,1,1,4258.0
0,1,3,0,1,8000.0,250.0,187000.0,360.0,1,1,8250.0
0,1,1,1,0,2419.0,1707.0,124000.0,360.0,1,2,4126.0
0,1,1,1,0,3500.0,3077.0,160000.0,360.0,1,1,6577.0
0,1,2,1,0,4116.0,1000.0,30000.0,180.0,1,2,5116.0
0,1,0,0,1,5293.0,0.0,92000.0,360.0,1,2,5293.0
0,0,0,1,0,2750.0,0.0,130000.0,360.0,0,2,2750.0
1,0,0,0,0,4402.0,0.0,130000.0,360.0,1,0,4402.0
0,1,2,1,0,3613.0,3539.0,134000.0,180.0,1,1,7152.0
1,1,2,1,0,2779.0,3664.0,176000.0,360.0,0,1,6443.0
0,1,3,1,0,4720.0,0.0,90000.0,180.0,1,1,4720.0
0,1,0,0,0,2415.0,1721.0,110000.0,360.0,1,1,4136.0
0,1,0,1,1,7016.0,292.0,125000.0,360.0,1,2,7308.0
1,0,2,1,0,4968.0,0.0,189000.0,360.0,1,1,4968.0
1,0,0,1,0,2101.0,1500.0,108000.0,360.0,0,0,3601.0
0,1,3,0,0,4490.0,0.0,125000.0,360.0,1,2,4490.0
0,1,0,1,0,2917.0,3583.0,138000.0,360.0,1,1,6500.0
0,1,0,0,0,4700.0,0.0,135000.0,360.0,0,1,4700.0
0,1,0,1,0,3445.0,0.0,130000.0,360.0,0,1,3445.0
0,1,0,1,0,7666.0,0.0,187000.0,360.0,1,1,7666.0
0,1,0,1,0,2458.0,5105.0,188000.0,360.0,0,0,7563.0
1,0,0,1,0,3250.0,0.0,95000.0,360.0,1,1,3250.0
0,0,0,1,0,4463.0,0.0,65000.0,360.0,1,1,4463.0
0,1,1,1,0,4083.0,1775.0,139000.0,60.0,1,2,5858.0
0,1,0,1,1,3900.0,2094.0,232000.0,360.0,1,0,5994.0
0,1,0,0,0,4750.0,3583.0,144000.0,360.0,1,1,8333.0
0,0,0,1,0,3583.0,3435.0,155000.0,360.0,1,2,7018.0
0,1,0,1,0,3189.0,2367.0,186000.0,360.0,1,2,5556.0
0,0,0,1,1,6356.0,0.0,50000.0,360.0,1,0,6356.0
1,1,0,1,0,7950.0,0.0,185000.0,360.0,1,2,7950.0
0,1,3,1,0,3829.0,1103.0,163000.0,360.0,0,2,4932.0
0,1,3,1,0,72529.0,0.0,360000.0,360.0,1,2,72529.0
0,1,2,0,0,4136.0,0.0,149000.0,480.0,0,0,4136.0
0,1,0,1,0,8449.0,0.0,257000.0,360.0,1,0,8449.0
0,1,0,1,0,4456.0,0.0,131000.0,180.0,0,1,4456.0
0,1,2,1,0,4635.0,8000.0,102000.0,180.0,1,0,12635.0
0,1,0,1,0,3571.0,1917.0,135000.0,360.0,1,2,5488.0
0,0,0,1,0,3066.0,0.0,95000.0,360.0,1,1,3066.0
0,0,2,0,0,3235.0,2015.0,77000.0,360.0,1,1,5250.0
1,0,0,1,0,5058.0,0.0,200000.0,360.0,1,0,5058.0
0,1,0,1,1,3188.0,2286.0,130000.0,360.0,0,0,5474.0
0,1,3,1,0,13518.0,0.0,390000.0,360.0,1,0,13518.0
0,1,1,1,0,4364.0,2500.0,185000.0,360.0,1,1,6864.0
0,1,2,0,0,4766.0,1646.0,100000.0,360.0,1,1,6412.0
0,1,1,1,0,4609.0,2333.0,123000.0,360.0,0,1,6942.0
1,1,3,1,0,6260.0,0.0,110000.0,360.0,1,1,6260.0
0,1,1,1,0,3333.0,4200.0,256000.0,360.0,1,2,7533.0
0,1,0,1,0,3500.0,3250.0,140000.0,360.0,1,1,6750.0
0,1,3,1,0,9719.0,0.0,61000.0,360.0,1,2,9719.0
0,1,3,1,0,6835.0,0.0,188000.0,360.0,0,1,6835.0
0,0,0,1,0,4452.0,0.0,131000.0,360.0,1,0,4452.0
0,1,1,1,0,3901.0,0.0,116000.0,360.0,1,2,3901.0
0,1,2,0,0,2687.0,0.0,50000.0,180.0,1,0,2687.0
0,0,0,1,0,2243.0,2233.0,107000.0,360.0,0,1,4476.0
1,1,0,1,0,3417.0,1287.0,200000.0,360.0,1,1,4704.0
0,1,3,1,0,4513.0,0.0,120000.0,360.0,1,0,4513.0
0,1,0,1,0,4500.0,0.0,140000.0,360.0,1,1,4500.0
0,1,0,0,0,4523.0,1350.0,165000.0,360.0,1,2,5873.0
1,0,0,1,1,4742.0,0.0,108000.0,360.0,1,1,4742.0
0,1,0,1,0,4082.0,0.0,93000.0,360.0,1,1,4082.0
1,0,0,1,0,3417.0,0.0,102000.0,360.0,1,2,3417.0
1,1,2,1,0,2922.0,3396.0,122000.0,360.0,1,1,6318.0
0,1,0,1,0,4167.0,4754.0,160000.0,360.0,1,0,8921.0
0,0,3,1,0,4243.0,4123.0,157000.0,360.0,0,1,8366.0
1,0,0,0,0,0.0,1760.0,180000.0,360.0,1,1,1760.0
1,0,0,1,0,1762.0,2666.0,104000.0,360.0,0,2,4428.0
0,1,2,1,0,724.0,3510.0,213000.0,360.0,0,0,4234.0
0,0,0,1,0,3125.0,0.0,65000.0,360.0,1,2,3125.0
0,1,0,1,0,2333.0,3803.0,146000.0,360.0,1,0,6136.0
0,1,3,1,0,3350.0,1560.0,135000.0,360.0,1,2,4910.0
0,0,0,1,0,2500.0,6414.0,187000.0,360.0,0,0,8914.0
1,0,0,1,0,12500.0,0.0,300000.0,360.0,0,2,12500.0
0,0,0,1,0,4667.0,0.0,120000.0,360.0,1,1,4667.0
0,0,0,1,0,6500.0,0.0,71000.0,360.0,0,2,6500.0
0,1,2,1,0,7500.0,0.0,225000.0,360.0,1,2,7500.0
0,0,0,1,0,3073.0,0.0,70000.0,180.0,1,2,3073.0
0,1,0,1,0,3333.0,1270.0,124000.0,360.0,1,2,4603.0
0,0,0,1,0,3391.0,0.0,132000.0,360.0,1,0,3391.0
0,1,1,1,1,3343.0,1517.0,105000.0,360.0,1,0,4860.0
1,0,1,1,0,3620.0,0.0,90000.0,360.0,1,2,3620.0
0,0,0,1,0,4000.0,0.0,83000.0,84.0,1,2,4000.0
0,1,0,1,0,4258.0,0.0,125000.0,360.0,1,2,4258.0
0,1,2,1,0,4500.0,0.0,147000.0,360.0,1,0,4500.0
0,1,1,1,0,2014.0,2925.0,120000.0,360.0,1,0,4939.0
1,0,3,1,0,4083.0,0.0,103000.0,360.0,0,1,4083.0
0,0,0,1,0,4727.0,0.0,150000.0,360.0,0,0,4727.0
0,1,3,1,0,3089.0,2999.0,100000.0,240.0,1,0,6088.0
0,1,3,0,0,6794.0,528.0,139000.0,360.0,0,2,7322.0
0,1,0,1,1,32000.0,0.0,550000.0,360.0,0,1,32000.0
0,1,2,1,1,10890.0,0.0,260000.0,12.0,1,0,10890.0
1,0,0,1,0,12941.0,0.0,150000.0,300.0,1,2,12941.0
0,0,0,0,0,3276.0,0.0,90000.0,360.0,1,1,3276.0
0,0,0,0,1,8703.0,0.0,199000.0,360.0,0,0,8703.0
0,1,1,1,0,4742.0,717.0,139000.0,360.0,1,1,5459.0
0,0,0,1,0,5900.0,0.0,150000.0,360.0,1,2,5900.0
0,0,0,1,0,3071.0,4309.0,180000.0,360.0,1,2,7380.0
0,1,0,1,0,2783.0,1456.0,113000.0,360.0,1,2,4239.0
0,0,0,1,0,5000.0,0.0,148000.0,360.0,1,0,5000.0
0,1,1,0,0,2463.0,2360.0,117000.0,360.0,0,2,4823.0
0,1,2,1,0,4855.0,0.0,72000.0,360.0,1,0,4855.0
0,0,0,0,1,1599.0,2474.0,125000.0,300.0,1,1,4073.0
0,1,2,1,1,4246.0,4246.0,214000.0,360.0,1,2,8492.0
0,1,0,1,0,4333.0,2291.0,133000.0,350.0,1,0,6624.0
0,0,1,1,0,5823.0,2529.0,187000.0,360.0,1,1,8352.0
0,1,0,0,0,7895.0,0.0,143000.0,360.0,1,0,7895.0
0,0,0,1,0,4150.0,4256.0,209000.0,360.0,1,0,8406.0
0,0,0,1,0,2964.0,0.0,84000.0,360.0,0,1,2964.0
0,0,0,1,0,5583.0,0.0,116000.0,360.0,1,2,5583.0
1,0,0,1,0,2708.0,0.0,65000.0,360.0,1,0,2708.0
0,0,1,1,0,3180.0,2370.0,80000.0,240.0,0,0,5550.0
0,0,0,0,0,2268.0,0.0,170000.0,360.0,0,1,2268.0
0,0,2,0,0,1141.0,2017.0,120000.0,360.0,0,2,3158.0
0,1,0,1,0,3042.0,3167.0,135000.0,360.0,1,2,6209.0
1,1,3,1,0,1750.0,2935.0,94000.0,360.0,0,1,4685.0
1,1,1,1,0,3564.0,0.0,79000.0,360.0,1,0,3564.0
1,0,0,1,0,3958.0,0.0,110000.0,360.0,1,0,3958.0
0,1,2,0,0,4483.0,0.0,130000.0,360.0,1,0,4483.0
0,1,0,1,0,5225.0,0.0,143000.0,360.0,1,0,5225.0
0,0,0,1,0,3017.0,2845.0,159000.0,180.0,0,2,5862.0
0,1,0,0,0,2431.0,1820.0,110000.0,360.0,0,0,4251.0
0,1,2,1,0,4912.0,4614.0,160000.0,360.0,1,0,9526.0
0,1,2,0,0,2500.0,3333.0,131000.0,360.0,1,2,5833.0
1,0,0,1,0,2918.0,0.0,65000.0,360.0,0,0,2918.0
0,1,2,1,0,5128.0,0.0,143000.0,360.0,1,0,5128.0
0,1,3,1,0,15312.0,0.0,187000.0,360.0,0,2,15312.0
0,1,2,1,0,3958.0,2632.0,160000.0,360.0,1,1,6590.0
0,1,0,1,0,4334.0,2945.0,165000.0,360.0,1,1,7279.0
0,1,2,1,0,4358.0,0.0,110000.0,360.0,1,2,4358.0
1,1,1,1,0,4000.0,3917.0,173000.0,360.0,1,0,7917.0
0,1,0,0,0,4483.0,0.0,135000.0,360.0,0,1,4483.0
0,1,2,0,0,4521.0,1184.0,150000.0,360.0,1,1,5705.0
0,1,2,1,0,9167.0,0.0,235000.0,360.0,1,1,9167.0
0,1,2,1,0,7874.0,3967.0,336000.0,360.0,1,0,11841.0
1,1,1,1,0,4333.0,0.0,132000.0,84.0,1,0,4333.0
0,0,0,1,0,4083.0,0.0,96000.0,360.0,1,2,4083.0
0,1,2,0,0,3785.0,2912.0,180000.0,360.0,0,0,6697.0
0,1,3,0,0,2654.0,1998.0,128000.0,360.0,0,0,4652.0
0,1,1,1,0,10000.0,2690.0,412000.0,360.0,1,1,12690.0
0,0,0,1,1,5833.0,0.0,116000.0,360.0,1,2,5833.0
0,1,1,1,0,4796.0,0.0,114000.0,360.0,0,1,4796.0
0,1,0,0,0,2000.0,1600.0,115000.0,360.0,1,0,3600.0
0,1,2,1,0,2540.0,700.0,104000.0,360.0,0,2,3240.0
0,1,0,1,1,1900.0,1442.0,88000.0,360.0,1,0,3342.0
0,1,0,1,1,8706.0,0.0,108000.0,480.0,1,0,8706.0
0,1,3,0,0,2855.0,542.0,90000.0,360.0,1,2,3397.0
0,1,0,1,0,3016.0,1300.0,100000.0,360.0,0,2,4316.0
1,1,0,1,0,3159.0,2374.0,108000.0,360.0,1,1,5533.0
1,0,0,1,0,1937.0,1152.0,78000.0,360.0,1,1,3089.0
0,1,0,1,0,2613.0,2417.0,123000.0,360.0,1,1,5030.0
0,1,1,1,0,4960.0,2600.0,187000.0,360.0,1,1,7560.0
0,1,1,1,0,3074.0,1083.0,146000.0,360.0,1,1,4157.0
1,0,0,1,0,4213.0,0.0,80000.0,360.0,1,2,4213.0
1,0,0,1,0,2362.0,0.0,55000.0,360.0,1,2,2362.0
0,0,0,1,0,5333.0,2400.0,200000.0,360.0,0,0,7733.0
0,1,3,1,1,5384.0,0.0,150000.0,360.0,1,1,5384.0
0,0,0,1,0,5708.0,0.0,150000.0,360.0,1,0,5708.0
0,1,0,0,0,2914.0,2130.0,150000.0,300.0,1,2,5044.0
0,1,0,0,0,2747.0,2458.0,118000.0,36.0,1,1,5205.0
0,1,0,1,0,7830.0,2183.0,212000.0,360.0,1,0,10013.0
0,1,1,1,1,3507.0,3148.0,212000.0,360.0,1,0,6655.0
0,1,1,1,0,3747.0,2139.0,125000.0,360.0,1,2,5886.0
0,1,0,1,0,2166.0,2166.0,108000.0,360.0,0,2,4332.0
0,1,0,0,0,3500.0,2168.0,149000.0,360.0,1,0,5668.0
0,1,2,0,0,2896.0,0.0,80000.0,480.0,1,2,2896.0
1,0,1,1,0,5062.0,0.0,152000.0,300.0,1,0,5062.0
1,0,2,1,1,5184.0,0.0,187000.0,360.0,0,1,5184.0
1,0,0,1,0,2545.0,0.0,74000.0,360.0,1,2,2545.0
0,1,0,1,0,2553.0,1768.0,102000.0,360.0,1,2,4321.0
0,1,1,1,0,3436.0,3809.0,100000.0,360.0,1,0,7245.0
0,0,0,1,0,2412.0,2755.0,130000.0,360.0,1,0,5167.0
0,1,3,0,0,5180.0,0.0,125000.0,360.0,0,2,5180.0
0,0,0,1,0,14911.0,14507.0,130000.0,360.0,1,1,29418.0
0,1,0,1,0,1173.0,1594.0,28000.0,180.0,1,0,2767.0
1,0,1,1,0,7600.0,0.0,92000.0,360.0,1,1,7600.0
1,1,0,1,0,2157.0,1788.0,104000.0,360.0,1,2,3945.0
0,0,0,1,0,2231.0,2774.0,176000.0,360.0,0,2,5005.0
1,0,0,1,0,2274.0,5211.0,117000.0,360.0,0,1,7485.0
0,1,2,0,0,6166.0,13983.0,102000.0,360.0,1,0,20149.0
0,1,2,0,0,2513.0,1110.0,107000.0,360.0,1,1,3623.0
0,0,0,1,0,4333.0,0.0,66000.0,480.0,1,2,4333.0
0,0,0,0,0,3844.0,0.0,105000.0,360.0,1,2,3844.0
0,1,0,1,0,3887.0,1517.0,105000.0,360.0,0,1,5404.0
0,1,0,1,0,3510.0,828.0,105000.0,360.0,1,1,4338.0
0,1,0,1,0,2539.0,1704.0,125000.0,360.0,0,0,4243.0
1,0,0,0,0,2107.0,0.0,64000.0,360.0,1,1,2107.0
0,1,2,1,1,5000.0,2166.0,150000.0,360.0,1,2,7166.0
0,1,0,0,1,3943.0,0.0,64000.0,360.0,1,1,3943.0
0,0,0,1,0,2925.0,0.0,40000.0,180.0,1,0,2925.0
0,1,3,1,0,3242.0,437.0,142000.0,480.0,0,2,3679.0
0,1,0,1,0,3863.0,0.0,70000.0,300.0,1,1,3863.0
1,0,1,1,0,4028.0,0.0,131000.0,360.0,1,1,4028.0
0,1,2,1,0,4010.0,1025.0,120000.0,360.0,1,2,5035.0
1,1,1,1,0,3719.0,1585.0,114000.0,360.0,1,2,5304.0
0,0,0,1,0,2858.0,0.0,123000.0,360.0,0,0,2858.0
1,1,0,1,0,3833.0,0.0,92000.0,360.0,1,0,3833.0
0,1,0,1,0,3333.0,4288.0,160000.0,360.0,1,2,7621.0
0,1,0,1,0,3007.0,3725.0,151000.0,360.0,1,0,6732.0
1,0,1,1,0,1850.0,4583.0,81000.0,360.0,0,0,6433.0
0,1,3,0,0,2792.0,2619.0,171000.0,360.0,1,1,5411.0
0,1,0,1,0,2982.0,1550.0,110000.0,360.0,1,1,4532.0
0,0,0,1,0,3417.0,738.0,100000.0,360.0,0,0,4155.0
0,1,1,1,0,18840.0,0.0,234000.0,360.0,1,0,18840.0
0,1,2,1,0,2995.0,1120.0,184000.0,360.0,1,0,4115.0
0,0,0,1,0,3579.0,3308.0,138000.0,360.0,0,1,6887.0
1,1,1,0,0,3835.0,1400.0,112000.0,480.0,0,2,5235.0
1,0,1,0,0,3854.0,3575.0,117000.0,360.0,1,0,7429.0
0,1,2,1,0,5833.0,750.0,49000.0,360.0,0,0,6583.0
0,0,0,1,0,3508.0,0.0,99000.0,360.0,1,0,3508.0
1,1,3,0,0,1635.0,2444.0,99000.0,360.0,1,2,4079.0
1,0,0,1,1,3333.0,3916.0,212000.0,360.0,1,0,7249.0
0,0,1,1,0,24797.0,0.0,240000.0,360.0,1,1,24797.0
0,1,2,1,0,5667.0,440.0,130000.0,360.0,0,1,6107.0
1,0,0,1,0,3500.0,0.0,94000.0,360.0,0,1,3500.0
0,1,3,1,0,2773.0,1497.0,108000.0,360.0,1,1,4270.0
0,1,0,1,0,6500.0,0.0,144000.0,360.0,1,2,6500.0
1,0,0,1,0,5769.0,0.0,110000.0,180.0,1,1,5769.0
0,1,3,0,0,3634.0,910.0,176000.0,360.0,0,1,4544.0
0,0,0,1,0,2166.0,2057.0,122000.0,360.0,1,1,4223.0
0,1,0,1,0,5000.0,0.0,126000.0,360.0,1,0,5000.0
1,0,0,1,0,5530.0,0.0,135000.0,360.0,0,2,5530.0
0,0,0,0,0,9000.0,0.0,122000.0,360.0,1,0,9000.0
1,1,2,1,0,10000.0,11666.0,460000.0,360.0,1,2,21666.0
0,1,1,1,0,8750.0,0.0,297000.0,360.0,1,2,8750.0
0,1,0,0,0,2157.0,2730.0,140000.0,360.0,0,0,4887.0
0,0,0,1,0,1972.0,4347.0,106000.0,360.0,1,0,6319.0
0,0,0,1,0,4983.0,0.0,141000.0,360.0,1,2,4983.0
0,1,0,1,0,3667.0,2000.0,170000.0,360.0,1,1,5667.0
0,1,2,1,0,3166.0,2833.0,145000.0,360.0,1,2,5999.0
0,0,0,0,0,3271.0,0.0,90000.0,360.0,1,0,3271.0
1,1,0,1,0,2241.0,2000.0,88000.0,360.0,0,2,4241.0
0,1,1,0,0,1792.0,2565.0,128000.0,360.0,1,2,4357.0
1,1,0,1,0,2666.0,0.0,84000.0,480.0,1,1,2666.0
0,0,0,0,0,3808.0,0.0,83000.0,360.0,1,0,3808.0
1,1,2,0,0,3729.0,0.0,117000.0,360.0,1,1,3729.0
0,1,2,1,0,4120.0,0.0,128000.0,360.0,1,0,4120.0
0,1,1,1,1,7500.0,0.0,75000.0,360.0,1,2,7500.0
0,1,1,1,0,6300.0,0.0,125000.0,360.0,0,2,6300.0
1,0,0,1,1,14987.0,0.0,177000.0,360.0,1,0,14987.0
0,1,0,1,0,2600.0,700.0,96000.0,360.0,1,1,3300.0
0,0,2,0,0,2733.0,1083.0,180000.0,360.0,0,1,3816.0
0,1,2,1,1,7500.0,0.0,183000.0,360.0,1,0,7500.0
0,1,2,0,0,3859.0,0.0,121000.0,360.0,1,0,3859.0
0,1,1,1,0,6825.0,0.0,162000.0,360.0,1,0,6825.0
0,1,0,1,0,3708.0,4700.0,132000.0,360.0,1,1,8408.0
0,0,0,1,0,5314.0,0.0,147000.0,360.0,1,2,5314.0
1,0,3,1,0,2366.0,5272.0,153000.0,360.0,0,0,7638.0
0,0,0,1,0,2066.0,2108.0,104000.0,84.0,1,2,4174.0
0,1,2,1,0,5000.0,0.0,149000.0,360.0,1,0,5000.0
1,0,0,1,0,3767.0,0.0,134000.0,300.0,1,2,3767.0
1,1,0,1,0,7859.0,879.0,165000.0,180.0,1,1,8738.0
1,1,0,1,0,4283.0,0.0,120000.0,360.0,1,0,4283.0
0,1,0,0,0,1700.0,2900.0,67000.0,360.0,0,2,4600.0
0,0,0,1,0,3083.0,2738.0,120000.0,360.0,1,2,5821.0
0,1,1,1,0,2667.0,1542.0,148000.0,360.0,1,0,4209.0
1,1,0,0,0,1647.0,1762.0,181000.0,360.0,1,2,3409.0
0,1,3,1,0,3400.0,0.0,80000.0,120.0,1,2,3400.0
0,0,1,1,0,16000.0,5000.0,40000.0,360.0,1,1,21000.0
0,1,0,1,0,5333.0,0.0,90000.0,360.0,1,0,5333.0
0,0,0,1,0,2875.0,2416.0,95000.0,6.0,0,1,5291.0
0,1,1,0,0,2600.0,618.0,122000.0,360.0,1,1,3218.0
0,1,2,1,0,5041.0,700.0,150000.0,360.0,1,2,5741.0
0,1,3,1,1,6958.0,1411.0,150000.0,360.0,1,0,8369.0
0,1,1,1,0,3500.0,1658.0,104000.0,360.0,0,1,5158.0
0,1,0,1,0,5509.0,0.0,143000.0,360.0,1,0,5509.0
0,1,3,1,0,9699.0,0.0,300000.0,360.0,1,2,9699.0
1,1,1,0,0,3621.0,2717.0,171000.0,360.0,1,2,6338.0
1,1,0,1,0,4709.0,0.0,113000.0,360.0,1,1,4709.0
0,1,0,1,0,1516.0,1951.0,35000.0,360.0,1,1,3467.0
0,0,2,1,0,2400.0,0.0,46000.0,360.0,1,2,2400.0
1,0,0,0,0,3015.0,2000.0,145000.0,360.0,0,2,5015.0
0,1,0,1,0,2292.0,1558.0,119000.0,360.0,1,2,3850.0
0,1,1,1,1,2360.0,3355.0,87000.0,240.0,1,0,5715.0
1,0,0,1,0,4333.0,2333.0,162000.0,360.0,0,0,6666.0
0,1,0,1,1,2623.0,4831.0,122000.0,180.0,1,1,7454.0
0,0,0,1,1,3972.0,4275.0,187000.0,360.0,1,0,8247.0
0,1,3,0,0,3522.0,0.0,81000.0,180.0,1,0,3522.0
0,1,1,1,0,4700.0,0.0,80000.0,360.0,1,2,4700.0
0,0,0,1,0,6858.0,0.0,176000.0,360.0,1,0,6858.0
0,1,3,1,0,8334.0,0.0,260000.0,360.0,1,2,8334.0
0,1,0,1,0,3391.0,1966.0,133000.0,360.0,0,0,5357.0
0,0,0,0,0,2868.0,0.0,70000.0,360.0,1,2,2868.0
0,1,2,0,0,3418.0,1380.0,135000.0,360.0,1,2,4798.0
0,1,0,1,1,2500.0,296.0,137000.0,300.0,1,0,2796.0
0,1,2,1,0,8667.0,0.0,254000.0,360.0,1,0,8667.0
0,0,0,1,0,2283.0,15000.0,106000.0,360.0,0,0,17283.0
0,1,0,1,0,5817.0,910.0,109000.0,360.0,1,2,6727.0
0,1,0,1,0,5119.0,3769.0,120000.0,360.0,1,0,8888.0
0,1,3,0,0,5316.0,187.0,158000.0,180.0,0,1,5503.0
0,1,3,1,0,7603.0,1213.0,197000.0,360.0,1,2,8816.0
0,1,1,1,0,3791.0,1936.0,85000.0,360.0,1,2,5727.0
0,0,0,1,0,2500.0,0.0,60000.0,360.0,1,2,2500.0
0,1,2,0,0,3132.0,0.0,76000.0,360.0,0,0,3132.0
0,0,0,1,0,4000.0,2667.0,152000.0,360.0,1,1,6667.0
1,1,0,1,0,8550.0,4255.0,96000.0,360.0,0,2,12805.0
0,1,1,1,0,2269.0,2167.0,99000.0,360.0,1,1,4436.0
0,1,3,0,1,4009.0,1777.0,113000.0,360.0,1,2,5786.0
0,1,0,1,0,4158.0,709.0,115000.0,360.0,1,2,4867.0
0,0,0,1,0,3250.0,1993.0,126000.0,360.0,0,1,5243.0
0,1,0,1,0,5000.0,2393.0,158000.0,360.0,1,0,7393.0
0,0,0,1,1,9200.0,0.0,98000.0,180.0,1,0,9200.0
